{"cameraMode":{"drawMode":0,"name":"Shaded","section":"Shading Mode"},"sceneLighting":true,"audioPlay":false,"sceneViewState":{"m_AlwaysRefresh":false,"showFog":true,"showSkybox":true,"showFlares":true,"showImageEffects":true,"showParticleSystems":true,"showVisualEffectGraphs":true,"m_FxEnabled":true},"in2DMode":false,"pivot":{"x":24.151588439941408,"y":2.7742271423339845,"z":-24.14403533935547},"rotation":{"x":0.29882410168647768,"y":0.49180182814598086,"z":-0.18445925414562226,"w":0.7967884540557861},"size":38.494503021240237,"orthographic":false}